>あん	0
arena	6164
client	12904
error	20341
hunter	27172
mexico	34190
pistol	40974
set	47830
tirol	54639
あえば	61610
あさ	68811
あてもの	75812
あらまき	82488
いかすい	90040
いすう	97748
いちれい	105846
いねかr	114638
いんがい	121833
うすいた	129320
うまいち	136196
え	143350
えりあか	151120
おうと	159402
おかえs	167118
おだわらじょう	174177
おやがかり	181176
かいけいけんさかん	189347
かかし	198486
かぐ	206966
かぜとおし	215214
かていか	222812
かみまち	230557
かわぶくろ	237912
かんとくかんちょう	248361
がくじん	257189
きかいきんとう	264861
きたかた	274263
きもだめs	282021
きょうげべつでん	292001
きょぜつはんのう	301795
きんたろう	310044
ぎょうしゅうりょく	317862
くさけいば	325354
くまばち	332216
くんれん	339203
けいそうぶつ	347994
けむし	355862
げきりょく	364446
げんぶ	372927
こうしゃ	383607
こうぼうだいし	394908
こくようせき	403998
こっぽう	411886
こやく	419015
ごえもんぶろ	426803
さいがい	434712
さがりめ	443105
さっすい	450300
さんしゅう	458026
ざっそん	466381
しく	474211
しちうけ	482818
しばやま	490791
しゃしんき	499019
しゅかんてき	508418
しゅんぎく	517006
しょうばつ	528055
しょとうきょういく	537594
しんくう	545658
じ	555506
じっせん	564268
じゅうしょく	572305
じゅんぞう	581284
じょおう	591126
すいさんぶつ	599632
すすりなk	607397
せいかつ	614489
せいほ	625126
せつごうし	633545
せんとうごしょ	642717
ぜんだん	651356
そうとうせい	660797
そとおもて	668813
ぞくたい	676038
たいりん	685271
たしん	692480
たばこ	699402
たんぽ	707241
だげき	715892
ちがw	723230
ちゃしぶ	730584
ちょうげん	740114
ちわげんか	749316
つきとm	756812
つやけし	763461
てき	771243
てみやげ	778303
でこ	786700
とうこうきょひ	795270
とくいげ	803947
とどけさき	811991
とんぼがえr	819054
どくりょう	827507
なかせんどう	834708
ななめ	841772
なんぶつ	848887
にっしょうけん	856370
にんじょうみ	864761
ねはんえ	871458
のしろ	878778
はいりょ	886417
はじめ	893837
はとむね	901428
はらどけい	908424
ばいしゃく	916539
ひかくてき	923794
ひだまり	931389
ひとりみ	938989
ひょうろん	947188
びょうげんたい	954318
ふきんしん	962128
ふじわら	970193
ふへんふとう	977924
ぶそうかいじょ	985093
へいあんきょう	993057
べいじゅ	1001031
ほうていとうそう	1009595
ほっきょくかい	1017521
ぼうが	1024880
まいど	1032273
まちぼうけ	1039068
まるやま	1045687
みずから	1052766
みなもと	1059791
みんゆう	1067243
むなだか	1074968
めじるし	1082445
もじどおr	1089677
もんぜん	1096583
やそしま	1103855
ゆあさ	1110804
ゆきかよu	1119473
ようせきりつ	1127143
よそおu	1134419
らくじょう	1141440
りっぽういん	1148945
りょうめん	1157443
れいほん	1165402
ろぎん	1173315
わすれなぐさ	1180166
